{
    "CH": -5.414001683073392,
    "HA": -4.429298786000708,
    "AP": -6.172020535667548,
    "PT": -6.896498842105612,
    "TE": -4.853264875912292,
    "ER": -3.962976434415893,
    "RI": -5.122579291005888,
    "IW": -8.23409659755359,
    "WE": -5.76897012022406,
    "EL": -5.234479663504116,
    "LL": -5.231799096001784,
    "LP": -8.094595037942563,
    "PR": -5.781131826801334,
    "IN": -3.952970214107912,
    "NC": -5.503742106591088,
    "CE": -5.258933712247707,
    "ES": -4.433406665201354,
    "SO": -5.198668712113143,
    "OG": -7.413894791741703,
    "GE": -6.002216705232008,
    "EN": -4.466718695231959,
    "NO": -5.085283506262192,
    "OA": -6.615123451968489,
    "AA": -8.294253514389794,
    "AN": -4.004469432460128,
    "ND": -4.26841931459824,
    "DL": -6.806740749635925,
    "LU": -7.372571933880764,
    "UC": -7.034023603179923,
    "CC": -7.7564500939338465,
    "CA": -5.920642641515394,
    "AR": -4.91426515393768,
    "RE": -4.237985645874987,
    "OW": -5.403793436776196,
    "WJ": -11.56033094074229,
    "JU": -7.662575907111848,
    "US": -5.603199072714813,
    "ST": -4.62508209745123,
    "TF": -7.166911122238965,
    "FA": -6.057713110681523,
    "AM": -6.0812557393764815,
    "MI": -6.072944003213795,
    "IL": -5.679099874034009,
    "LY": -5.505207165211295,
    "YE": -6.6759519795070394,
    "TA": -5.115405087257888,
    "AT": -4.4639890492546535,
    "OF": -4.966145505164061,
    "FT": -5.718599760835111,
    "TH": -3.460068335543495,
    "HE": -3.5093087325516117,
    "EB": -6.237930903678296,
    "BU": -6.173544926206644,
    "UO": -9.295967060568442,
    "ON": -4.486637584216722,
    "NA": -5.398244961579208,
    "PA": -6.165756872785897,
    "RT": -5.606222180178077,
    "SB": -6.7430781507994135,
    "UT": -5.414537158320457,
    "TI": -4.918333176796142,
    "WA": -5.256720393275089,
    "RN": -6.659076579038273,
    "NY": -6.9501732132431595,
    "YO": -5.7783022429198345,
    "OU": -4.665872000927502,
    "UI": -7.204156444816146,
    "IF": -6.491950984929871,
    "FY": -8.762033861792302,
    "UD": -7.358128982663775,
    "DO": -5.627533297614795,
    "NT": -4.585033842540516,
    "TT": -5.17541763802189,
    "LM": -7.8967692946126435,
    "ME": -5.10421560698893,
    "ET": -4.891361755535234,
    "HI": -4.5476902589505634,
    "IS": -4.720720678491835,
    "SM": -6.448845286466094,
    "EA": -4.596195328324045,
    "NS": -5.642557785902813,
    "SW": -6.122795257817804,
    "LT": -6.479703274825999,
    "TR": -5.909597687175904,
    "RY": -6.02184903854574,
    "YT": -6.176409436902104,
    "TO": -4.460544452138569,
    "OD": -6.414291009639831,
    "DE": -5.124781714561088,
    "EF": -5.6956349913080135,
    "FE": -6.243846270238804,
    "DT": -5.1922867034307085,
    "EI": -5.6738797473375975,
    "NF": -7.046727948279689,
    "IE": -5.692447455405662,
    "SA": -4.9688858585574245,
    "DH": -5.815326551544507,
    "HO": -5.162429535605849,
    "OR": -4.814702511268588,
    "RR": -6.113413987500567,
    "RO": -5.015280654717803,
    "RS": -5.449325644402662,
    "SP": -6.189499132941508,
    "PE": -5.69658140093739,
    "RP": -7.348203342863806,
    "RA": -5.309471276314604,
    "ED": -4.343682640437232,
    "DB": -6.28327977198742,
    "BY": -6.90280552442027,
    "IC": -5.661232993357797,
    "HR": -7.350675532009195,
    "IR": -6.037204743560982,
    "AL": -5.122046099844229,
    "YB": -7.305309422191655,
    "BE": -5.4085738991378856,
    "LI": -5.50902639327829,
    "EV": -5.927030541124508,
    "VE": -5.147213571964249,
    "EH": -5.640765269178171,
    "WI": -5.469021058664592,
    "LH": -7.919460705814714,
    "AV": -6.270802080227332,
    "OT": -5.1423739183340675,
    "NG": -4.595171907648219,
    "GM": -8.316762503283718,
    "MO": -5.82969017858322,
    "IT": -4.75442383440423,
    "HY": -7.680486833678379,
    "UA": -7.2306946932703315,
    "DY": -7.213284024964435,
    "OL": -5.679565206755295,
    "LO": -5.619173332525155,
    "RM": -6.433395190949874,
    "MY": -6.87396486609567,
    "YF": -7.487039787718022,
    "FR": -6.0348780016105055,
    "DN": -6.344263577263992,
    "AI": -5.630963453121894,
    "HF": -8.691012592043958,
    "FU": -7.144506926485118,
    "UL": -5.970588515463637,
    "LS": -6.897285005668116,
    "SL": -6.827060752126883,
    "LA": -5.622904680138013,
    "AS": -4.691316490076583,
    "SY": -7.9348795134818975,
    "UR": -5.727471423810947,
    "SE": -4.881464854370442,
    "LF": -6.817938265947628,
    "FB": -8.382277110394345,
    "WD": -8.305444678351055,
    "OY": -7.572118796956597,
    "OI": -6.710581922719923,
    "EE": -5.412040723357746,
    "IH": -8.35319037209251,
    "IG": -6.326107749623557,
    "GH": -5.7100460070970875,
    "HT": -5.888583943869224,
    "NE": -5.054920642532073,
    "SI": -5.233585342383248,
    "TD": -7.287723974878696,
    "WN": -6.943561618910846,
    "EW": -5.334123706476746,
    "WS": -7.479972620494929,
    "TW": -6.052124138558459,
    "NJ": -9.37709260538081,
    "TZ": -9.30030546216704,
    "ZE": -7.964160884732621,
    "FI": -6.112875436190539,
    "IV": -6.581300986061365,
    "AK": -6.841832069447195,
    "KE": -6.087710188299517,
    "RW": -6.960173296577743,
    "LK": -7.6917374932414795,
    "KN": -7.055441601211943,
    "NN": -6.918346781631482,
    "VL": -9.065061503918743,
    "OV": -5.886005884578251,
    "VN": -8.349823365544605,
    "SC": -6.347208420257485,
    "MA": -5.388195503997654,
    "ID": -5.624445173400407,
    "FH": -7.069823663074338,
    "DF": -6.865548596064511,
    "VO": -7.390440947941548,
    "EO": -5.683996700887939,
    "EM": -5.39929944322349,
    "MP": -6.5112765367420895,
    "SS": -5.15889755368,
    "YA": -6.033219351371229,
    "AF": -6.872045848043692,
    "AW": -6.639134209293275,
    "WO": -6.210053835263542,
    "RD": -6.19532892014827,
    "DS": -5.823086825972126,
    "SH": -5.108939405301854,
    "EG": -6.338399780579539,
    "GR": -6.635495636449367,
    "DP": -6.872429357156734,
    "VA": -7.030423239254745,
    "IK": -7.419182312322387,
    "KU": -8.11831156455988,
    "AG": -6.416719963955234,
    "GI": -6.497472229401336,
    "NK": -7.317805865679435,
    "KA": -7.475756170115994,
    "DI": -5.356194142187394,
    "IM": -5.517005551998836,
    "PO": -6.22600313667122,
    "WH": -5.2867466372198,
    "EC": -5.370186314498472,
    "EP": -5.775608724969945,
    "IO": -5.825372848617639,
    "AH": -7.768594101188645,
    "AD": -5.337424039505403,
    "DA": -5.390981748725713,
    "AC": -5.733839312093649,
    "CO": -5.284706140514324,
    "UG": -6.614826936028585,
    "FO": -5.671452982409408,
    "OM": -5.325511801703967,
    "AY": -6.120260861095558,
    "YS": -6.488548285664533,
    "SU": -6.331006445681204,
    "UF": -8.751932765805797,
    "FF": -6.639438022146895,
    "GF": -8.014552330269026,
    "ML": -8.957641255297906,
    "IP": -7.93266221767325,
    "PP": -6.855315419784482,
    "GT": -6.244050873820081,
    "WW": -8.048785501911269,
    "TP": -7.34021067811977,
    "RG": -7.284243692943557,
    "GU": -7.331674040912595,
    "NL": -6.809258283783436,
    "NV": -7.888258604944735,
    "VI": -6.24856277647013,
    "EX": -6.694079364099596,
    "XC": -8.324925813922878,
    "NW": -6.738035275765552,
    "WR": -8.210426853467684,
    "NI": -5.68061299775866,
    "DD": -6.692476028819456,
    "RL": -7.125059791549596,
    "LE": -4.978305801849464,
    "TL": -6.397928758174052,
    "OO": -5.73187563939589,
    "TM": -7.112302013017855,
    "SF": -6.712541426939332,
    "UH": -8.841230903453495,
    "GB": -7.9172772988337705,
    "OC": -6.961430367767794,
    "UN": -5.6598629737349,
    "OS": -5.638864234219296,
    "CT": -6.442337128325534,
    "FS": -7.705760510062229,
    "GA": -5.9588273152065065,
    "GW": -7.598724435125316,
    "SN": -6.872429357156734,
    "IB": -7.472955047836282,
    "BL": -6.546091039942596,
    "LB": -8.174529244558109,
    "YC": -7.560602354895038,
    "EY": -6.205908956142841,
    "TB": -6.928843446436825,
    "EZ": -9.270324629955104,